,id,first_name,last_name,gender,address,zip_code
8000,8000,Jennifer,Schmidt,F,79216 Hernandez Mountains Apt. 932,88340
8001,8001,Charles,Powell,M,7454 Jorge Pike,84463
8002,8002,Mary,Edwards,F,994 Lindsey Squares,97008
8003,8003,Jeff,Gray,M,632 Holloway Manor Apt. 181,97593
8004,8004,Kathryn,Underwood,F,0710 Chavez Keys Suite 058,96755
8005,8005,Joe,Crawford,M,9417 Schneider Plaza,51776
8006,8006,Jennifer,Townsend,F,053 Joseph Plains Suite 776,48521
8007,8007,Jordan,Watkins,M,562 John Lane,73192
8008,8008,Amber,Chan,F,9408 Mccann Throughway Apt. 058,36663
8009,8009,Mark,Harris,M,083 Taylor Summit,17937
8010,8010,Ashley,Reynolds,F,06450 Holmes Lakes,35880
8011,8011,Curtis,Long,M,97575 Allen Gardens Apt. 798,12096
8012,8012,Krista,Patton,F,420 Gray Brook,02912
8013,8013,Robert,Gardner,M,93274 Jose Orchard,37898
8014,8014,Erica,Hayes,F,591 Dustin Burgs,07718
8015,8015,Joshua,Fisher,M,5997 Rebecca Harbors,97889
8016,8016,Sarah,Smith,F,4227 John Way Suite 375,11191
8017,8017,Joshua,Lucas,M,4711 Villa Loop,19971
8018,8018,Carol,Gallagher,F,299 Kenneth Key Suite 165,27785
8019,8019,Christopher,Jackson,M,50788 Christy Via,23450
8020,8020,Shelly,Mcdonald,F,2396 Thompson Crest Apt. 415,28090
8021,8021,Bradley,Farrell,M,74822 Wright Center Apt. 333,39377
8022,8022,Danielle,Lester,F,3762 Campbell Way Apt. 687,62368
8023,8023,Howard,Farmer,M,9936 Young Divide,59513
8024,8024,Kim,Mcgrath,F,135 Alicia Manor,26616
8025,8025,Marco,Grimes,M,431 Martin Road,13025
8026,8026,Heather,Bender,F,6098 Johnson Overpass,84347
8027,8027,Ryan,Roberts,M,10732 Kim Plaza Suite 545,76696
8028,8028,Jessica,Miranda,F,7372 Dickson Crossing,64427
8029,8029,Douglas,Lewis,M,460 Turner Path,99276
8030,8030,Erika,Bailey,F,565 Elliott Loaf,02823
8031,8031,Austin,Moore,M,1635 Williams Hill Suite 951,82517
8032,8032,Kelly,Rogers,F,099 Stephanie Pass,51697
8033,8033,James,Young,M,36486 Lee Well Suite 183,82902
8034,8034,Lindsey,Ramos,F,76410 Payne Plains,66666
8035,8035,David,Davis,M,05337 Carpenter Dam,35410
8036,8036,Christine,Wu,F,480 Taylor Corners,06020
8037,8037,Hunter,Cox,M,75107 Christopher Crossing Apt. 273,99761
8038,8038,Jennifer,Li,F,24966 Wilson Inlet Apt. 348,49686
8039,8039,Marcus,Webster,M,63800 Burns Summit Suite 685,20038
8040,8040,Isabella,Alvarez,F,5698 Douglas Drives Apt. 881,82224
8041,8041,Jason,Wagner,M,2459 Neil Mountain,82802
8042,8042,Alicia,Mclaughlin,F,30396 Cynthia Lights Suite 756,21462
8043,8043,Terry,Huffman,M,935 Mathew Spurs Suite 843,40769
8044,8044,Chelsea,Powell,F,3496 Patrick Throughway,22513
8045,8045,David,Miller,M,90732 Thompson River,11227
8046,8046,Destiny,Waters,F,962 Sue Brook Apt. 697,04359
8047,8047,Patrick,Webb,M,5860 Wilkins Knoll,58317
8048,8048,Crystal,Mack,F,91431 Jacob Mews,06001
8049,8049,Tyler,Evans,M,07504 Price Station Suite 709,02425
8050,8050,Rachel,Hayes,F,06100 John Place Suite 313,02828
8051,8051,Timothy,Kaufman,M,3324 Reynolds Garden,71814
8052,8052,Tracy,James,F,93544 Michael Harbors Apt. 377,58774
8053,8053,Oscar,Jones,M,52083 Davis Ferry,99161
8054,8054,Christy,Thomas,F,96144 Morgan Pass,99708
8055,8055,Joshua,Parsons,M,64895 Brandon Flats Suite 041,56304
8056,8056,Susan,Reed,F,927 Lindsey Shore Suite 763,02537
8057,8057,Timothy,Lopez,M,5246 Griffin Mount Suite 084,91266
8058,8058,Abigail,Burke,F,78822 Alexis Pines,66942
8059,8059,Noah,Cruz,M,09623 Christopher Groves,07441
8060,8060,Kimberly,Bell,F,002 Amanda View Apt. 349,02895
8061,8061,Jay,Parsons,M,553 Freeman Curve Suite 508,35246
8062,8062,Marissa,Yoder,F,4863 Brittany Manor Suite 420,54066
8063,8063,Calvin,Rivera,M,982 Joseph Turnpike,49918
8064,8064,Cathy,Shepherd,F,44644 Horton Mountains Suite 063,57479
8065,8065,Marcus,Hayes,M,52808 Lopez Unions Apt. 075,53335
8066,8066,Michelle,Johnson,F,74494 Manuel Mountain Apt. 892,03080
8067,8067,Michael,Martinez,M,78612 Noah Lights Suite 446,46185
8068,8068,Leah,Chavez,F,224 April Burg Suite 679,95806
8069,8069,Matthew,Edwards,M,37434 Ryan Pines,59326
8070,8070,Ann,Miller,F,4202 Rachel Flats Suite 182,79475
8071,8071,James,White,M,64615 Guzman Villages Apt. 430,67812
8072,8072,Rebecca,Sanchez,F,04991 King Highway,46789
8073,8073,Chad,Wood,M,678 Stephen Island Suite 209,20013
8074,8074,Megan,Hall,F,5997 Wright Drive,79651
8075,8075,Jonathan,Johnson,M,3299 Denise Meadows,99528
8076,8076,Victoria,Morris,F,2900 Cox Shoals Apt. 019,68051
8077,8077,Jesse,Vaughan,M,022 Collins Expressway,05141
8078,8078,Lorraine,Smith,F,654 Kayla Station Suite 498,13481
8079,8079,Dylan,Evans,M,210 Thompson Ranch,82951
8080,8080,Barbara,Livingston,F,29438 Jack Flats,04628
8081,8081,Justin,Robinson,M,825 Torres Trail Suite 039,16584
8082,8082,Maria,Patrick,F,4310 Waller Parks Suite 484,08403
8083,8083,Steven,Wilson,M,079 Tammy Island,95936
8084,8084,Meredith,Deleon,F,90737 Nichols Forge,57432
8085,8085,Tommy,Blake,M,213 Curry Wall,46151
8086,8086,Carla,Randall,F,86200 Austin Junctions Apt. 907,35381
8087,8087,Johnny,Thomas,M,148 Valerie Square,10194
8088,8088,Susan,Park,F,257 Jessica Run Suite 915,23259
8089,8089,Vincent,Duncan,M,13835 Lori Well Apt. 489,02033
8090,8090,Laurie,Heath,F,63869 Joseph Fields,85069
8091,8091,James,Townsend,M,7995 Stokes Island,98084
8092,8092,Natalie,Burgess,F,773 Fox Lodge,55181
8093,8093,Jeremy,Norman,M,86302 Andrea Plains Apt. 838,20003
8094,8094,Carolyn,Reid,F,755 Hanson Mall Suite 241,67352
8095,8095,David,Thomas,M,418 Bryan Road,72285
8096,8096,Monica,Perry,F,532 Robbins Street Apt. 343,96770
8097,8097,Joe,Coleman,M,6862 Justin Plaza Apt. 185,85945
8098,8098,Amy,Winters,F,60630 Henry Village Suite 313,37381
8099,8099,Bryan,Mccullough,M,2399 Thomas Corner,62608
8100,8100,Deborah,Bradley,F,020 Adriana Roads Suite 362,97913
8101,8101,Steven,Stone,M,417 Gonzales Port,38633
8102,8102,Elizabeth,Blair,F,4655 Joshua Route,99007
8103,8103,Alejandro,Mcknight,M,6081 Gonzalez Springs,20828
8104,8104,Monica,Clay,F,4746 Kara Roads,08068
8105,8105,Adam,Hernandez,M,60371 King Trafficway Apt. 258,20008
8106,8106,Angela,Reynolds,F,5252 Paul Garden Suite 254,06150
8107,8107,Mark,Byrd,M,244 Watkins Keys,71731
8108,8108,Jenna,Ellis,F,24634 Christina Dam Apt. 408,49476
8109,8109,Cory,Martinez,M,127 Hood Lane,87514
8110,8110,Samantha,Gallegos,F,431 Brittney Bypass Suite 473,01915
8111,8111,John,Lindsey,M,598 Emily Center Apt. 334,44205
8112,8112,Wendy,Shelton,F,44922 Miller Center,01993
8113,8113,William,Moyer,M,8840 Mcgrath Roads Apt. 365,40026
8114,8114,Crystal,Craig,F,837 Michelle Mission Apt. 542,24214
8115,8115,Henry,Cross,M,249 Edward Estate,13547
8116,8116,Deanna,Davis,F,83376 Jackson Spur,45609
8117,8117,Eric,Bray,M,9448 Ray Ville Apt. 590,06359
8118,8118,Lindsay,Wheeler,F,8228 Ryan Stravenue,39687
8119,8119,Brandon,Neal,M,2723 James Dale Apt. 699,25992
8120,8120,Brittney,Evans,F,5594 Andrew Heights Suite 154,53180
8121,8121,Edward,Villanueva,M,6245 Anderson Row,59503
8122,8122,Catherine,Bell,F,7061 Winters Square Apt. 378,11660
8123,8123,Daniel,Wall,M,27662 Ramirez Burgs Suite 432,87955
8124,8124,Grace,Williams,F,58824 Jocelyn Springs,53293
8125,8125,Wayne,Duran,M,362 Daniel Plaza,58543
8126,8126,Jenna,Casey,F,63330 Edwards Road,84556
8127,8127,Bruce,Brewer,M,5803 Christopher Curve Suite 911,97855
8128,8128,Samantha,Buckley,F,0533 James Key Apt. 839,03240
8129,8129,Jack,Rowland,M,23552 Walker Expressway,31075
8130,8130,Barbara,Zuniga,F,605 Corey Canyon,61073
8131,8131,Michael,Young,M,74990 Ana Valley,73123
8132,8132,Heather,Flores,F,46870 Walsh Lodge,04334
8133,8133,Ronald,Olson,M,208 Zhang Avenue Suite 156,73135
8134,8134,Catherine,Johnson,F,38830 Dean Square Apt. 963,97892
8135,8135,James,Rodriguez,M,01609 George Terrace,36785
8136,8136,Joan,Sanchez,F,838 Taylor Valley,39625
8137,8137,Chad,Nelson,M,23340 Mary Cliffs Suite 729,15348
8138,8138,Patty,Johnson,F,13560 Weaver Center Suite 189,03795
8139,8139,Jonathan,Cochran,M,8886 Rebecca Highway,64000
8140,8140,Laura,Pace,F,73462 Matthew Ramp,54523
8141,8141,Steven,Aguilar,M,3368 Christopher Burgs,73133
8142,8142,Michelle,Conley,F,10494 Timothy Run,70292
8143,8143,Christopher,Huber,M,310 Emily Prairie,21013
8144,8144,Diane,Johnson,F,86278 Jason Via,31316
8145,8145,Robert,Morris,M,2836 Scott Lakes Apt. 150,59841
8146,8146,Tiffany,Miles,F,44737 Zachary Estates,51329
8147,8147,Kenneth,Chapman,M,316 Allen Locks,57349
8148,8148,Mary,Green,F,713 Robert Cliffs Suite 436,57594
8149,8149,Eric,Booker,M,4592 Michael Rue,80168
8150,8150,Sabrina,Mitchell,F,26277 Reynolds Highway Apt. 178,45692
8151,8151,Earl,Cervantes,M,843 Amber Curve Apt. 448,59364
8152,8152,Mariah,Ballard,F,035 Benson Stravenue Suite 725,84135
8153,8153,Joseph,Bradley,M,20004 Catherine Garden,20036
8154,8154,Rachel,Trujillo,F,87626 Miller Plaza Apt. 865,57053
8155,8155,Chad,Robinson,M,895 Brett Common,88278
8156,8156,Sara,Allen,F,26301 Cory Throughway,83328
8157,8157,Chase,Jones,M,31248 Olson Tunnel Apt. 251,88033
8158,8158,Michele,James,F,629 Guerra Trace Suite 674,29179
8159,8159,Joseph,Anderson,M,95776 Donovan Field Suite 566,02865
8160,8160,Melissa,Yoder,F,649 Moreno Way,46644
8161,8161,Bryan,Brewer,M,34594 Miller Knolls Suite 395,27550
8162,8162,Shirley,Williams,F,0558 David Lodge,40144
8163,8163,Chad,Erickson,M,37639 Reynolds Roads Apt. 408,30959
8164,8164,Susan,Armstrong,F,1790 Terri Way,19886
8165,8165,Connor,Richardson,M,3316 Rogers Ranch,35683
8166,8166,Terry,Lane,F,42138 Kristie Points,47939
8167,8167,Kevin,Tate,M,26477 Bennett Inlet Suite 149,66014
8168,8168,Tami,Guerrero,F,23245 Horn Burgs,17552
8169,8169,Johnny,Davis,M,5358 Garcia Lights Suite 887,99927
8170,8170,Megan,Cruz,F,5561 Lucas Orchard,46415
8171,8171,Steven,Valdez,M,622 Cruz Bridge Suite 049,58061
8172,8172,Samantha,Andrews,F,4826 Brian Orchard,71911
8173,8173,Fernando,Williams,M,882 Jennifer Prairie Suite 060,71736
8174,8174,Shelby,Perez,F,6692 Tammy Motorway Suite 082,64278
8175,8175,Charles,Parrish,M,2360 Christopher Drive Suite 997,41714
8176,8176,Emily,Turner,F,916 Mora Estates,97314
8177,8177,David,Andrade,M,43606 Hart Cape Suite 245,29871
8178,8178,Anna,Crawford,F,6409 Jacob Lane Apt. 637,89139
8179,8179,Richard,West,M,9374 Lamb Stravenue Suite 541,14720
8180,8180,Brandi,Jimenez,F,31243 Kaitlyn Rest,59823
8181,8181,Jonathon,Garcia,M,55897 Vaughn Place Apt. 230,91743
8182,8182,Amber,Fischer,F,4882 Linda Island Apt. 958,73117
8183,8183,Edward,Gallagher,M,5735 Melinda Dale,36211
8184,8184,Leah,Ward,F,28495 Joseph Fords Suite 045,96821
8185,8185,Dennis,Novak,M,5569 Brown Parkways Apt. 622,48774
8186,8186,Amanda,Chavez,F,6418 Michael Summit,52643
8187,8187,William,Guerrero,M,640 Chapman Fall,21573
8188,8188,Jessica,Jacobson,F,085 Scott Brooks,84311
8189,8189,Chad,Williams,M,9952 Sanford Turnpike Apt. 042,75670
8190,8190,Diane,Reed,F,21163 Paul Burgs,21341
8191,8191,Anthony,Steele,M,2950 Moore Tunnel Apt. 747,82942
8192,8192,Lisa,Greer,F,140 Drake Pass,44304
8193,8193,Christopher,Briggs,M,02180 Henry Forest,38749
8194,8194,Jennifer,Schmidt,F,79216 Hernandez Mountains Apt. 932,88340
8195,8195,Matthew,Edwards,M,994 Lindsey Squares,97008
8196,8196,Julia,Crawford,F,9417 Schneider Plaza,51776
8197,8197,James,Moreno,M,50617 Clark Motorway,68030
8198,8198,Katie,Watkins,F,562 John Lane,73192
8199,8199,Mark,Harris,M,083 Taylor Summit,17937
8200,8200,Donna,Rowe,F,537 Michael Dam,62747
8201,8201,Curtis,Long,M,97575 Allen Gardens Apt. 798,12096
8202,8202,Julie,Wolf,F,0017 Newman Fields,83317
8203,8203,Francisco,Hayes,M,591 Dustin Burgs,07718
8204,8204,Sarah,Smith,F,4227 John Way Suite 375,11191
8205,8205,Christopher,Gallagher,M,299 Kenneth Key Suite 165,27785
8206,8206,Angela,Farrell,F,74822 Wright Center Apt. 333,39377
8207,8207,Howard,Farmer,M,9936 Young Divide,59513
8208,8208,Lisa,Grimes,F,431 Martin Road,13025
8209,8209,Jeffrey,Miranda,M,7372 Dickson Crossing,64427
8210,8210,Erika,Bailey,F,565 Elliott Loaf,02823
8211,8211,Joseph,Rogers,M,099 Stephanie Pass,51697
8212,8212,Denise,Stanton,F,2194 Colon Park,57772
8213,8213,Larry,Ramos,M,76410 Payne Plains,66666
8214,8214,Christine,Wu,F,480 Taylor Corners,06020
8215,8215,Kevin,Murray,M,1084 Todd Pines,77785
8216,8216,Amanda,Brown,F,721 Roberson Avenue,82480
8217,8217,John,Ramos,M,85357 Eric Fall Suite 763,37507
8218,8218,Emily,Garner,F,27257 Richard Bypass,62107
8219,8219,David,Cox,M,02001 Morgan Highway Suite 407,72082
8220,8220,Julie,Nelson,F,13781 Michael Manor,97076
8221,8221,Scott,Underwood,M,398 Jose Hollow,04090
8222,8222,Jennifer,James,F,1223 Michelle Skyway,59864
8223,8223,Kenneth,Wright,M,1491 Walker Mill,30345
8224,8224,Laurie,Cunningham,F,92140 Ortiz Road Apt. 263,78141
8225,8225,Marcus,Webster,M,63800 Burns Summit Suite 685,20038
8226,8226,Michelle,Oliver,F,1406 Timothy Rapids,84319
8227,8227,David,Ball,M,483 Nelson Plains Apt. 346,99604
8228,8228,Jennifer,Wagner,F,2459 Neil Mountain,82802
8229,8229,Ronald,Bowman,M,05212 Woodward Locks,11495
8230,8230,Susan,Huffman,F,935 Mathew Spurs Suite 843,40769
8231,8231,Brian,Gibson,M,9121 Mueller View,68068
8232,8232,Andrea,Flores,F,87148 Maria Alley Suite 862,73034
8233,8233,David,Miller,M,90732 Thompson River,11227
8234,8234,Sophia,Jensen,F,48887 Pamela Ports,30781
8235,8235,Darryl,Gordon,M,17778 Clark Inlet Suite 039,40020
8236,8236,Brittney,Baxter,F,186 Gary Via,38469
8237,8237,Terry,Gutierrez,M,335 Higgins Valley Apt. 661,02804
8238,8238,Tricia,Zhang,F,7285 Nicholas Flats,54693
8239,8239,Darren,Mack,M,91431 Jacob Mews,06001
8240,8240,Deborah,Moody,F,38943 Maria Lock Suite 208,06287
8241,8241,Nicholas,West,M,7803 Brewer Stravenue Suite 351,28329
8242,8242,Rachel,Hayes,F,06100 John Place Suite 313,02828
8243,8243,Ryan,Chan,M,250 Tiffany Points,36654
8244,8244,Tracy,James,F,93544 Michael Harbors Apt. 377,58774
8245,8245,Brandon,Lee,M,684 Newman Common,06345
8246,8246,Christy,Thomas,F,96144 Morgan Pass,99708
8247,8247,James,Torres,M,515 William Gardens,93806
8248,8248,Victoria,Roy,F,262 Sean Manors,84529
8249,8249,Samuel,Hernandez,M,5468 Martin Prairie,57392
8250,8250,Mindy,Reyes,F,16441 Breanna Center,03037
8251,8251,Adam,Mooney,M,9443 Jenkins Glen Apt. 884,28421
8252,8252,Michelle,Schroeder,F,3652 Gonzalez Light,98600
8253,8253,Terry,Reed,M,927 Lindsey Shore Suite 763,02537
8254,8254,Rebecca,Stevens,F,909 Susan Passage,99809
8255,8255,Aaron,Burke,M,78822 Alexis Pines,66942
8256,8256,Christine,Taylor,F,4382 Suzanne Crossroad,36276
8257,8257,Zachary,Smith,M,45817 Melissa Pass Suite 518,67610
8258,8258,Jenny,Parsons,F,553 Freeman Curve Suite 508,35246
8259,8259,Jamie,Hicks,M,5026 Reese Brooks,05105
8260,8260,Beth,Rivera,F,982 Joseph Turnpike,49918
8261,8261,Travis,Daniels,M,030 Burgess Junction Apt. 595,85705
8262,8262,Cathy,Shepherd,F,44644 Horton Mountains Suite 063,57479
8263,8263,Kenneth,Black,M,9161 Renee View Apt. 698,36671
8264,8264,Bethany,Mcdaniel,F,4794 Fowler Wall,70552
8265,8265,David,Ingram,M,320 Danielle Burgs,28232
8266,8266,Ashley,Durham,F,4550 Richardson Place,51936
8267,8267,Allen,Morrison,M,41689 Nicholson Burgs,97307
8268,8268,Kristen,Wilson,F,102 Colon Dale,78341
8269,8269,Michael,Johnson,M,74494 Manuel Mountain Apt. 892,03080
8270,8270,Amanda,Christian,F,63734 Justin Hollow Apt. 295,04666
8271,8271,Timothy,Hays,M,245 Gregory Hollow,77972
8272,8272,Leah,Chavez,F,224 April Burg Suite 679,95806
8273,8273,Daniel,Merritt,M,3276 Melissa Inlet,02822
8274,8274,Ashley,Paul,F,110 Mathis Underpass,20932
8275,8275,Brandon,Miller,M,4202 Rachel Flats Suite 182,79475
8276,8276,Roberta,Peterson,F,400 Kim Tunnel,97802
8277,8277,Jeffrey,Boyer,M,85277 Alicia Circles,70934
8278,8278,Kristen,Stevens,F,1673 Victoria Brooks,03861
8279,8279,Scott,Lowe,M,744 Melanie Divide,22765
8280,8280,Rebecca,Sanchez,F,04991 King Highway,46789
8281,8281,Ricky,Wilcox,M,0985 Caleb Wells,78975
8282,8282,Teresa,Hoffman,F,6572 Smith Views Apt. 442,31622
8283,8283,Bryan,Livingston,M,29438 Jack Flats,04628
8284,8284,Tina,Maddox,F,16471 Rice Ramp,05434
8285,8285,Steven,Wilson,M,079 Tammy Island,95936
8286,8286,Ruth,Yoder,F,933 Cheryl Harbors,19601
8287,8287,James,Townsend,M,7995 Stokes Island,98084
8288,8288,Carolyn,Reid,F,755 Hanson Mall Suite 241,67352
8289,8289,Joseph,Lopez,M,18429 Richard Port,96817
8290,8290,Monica,Perry,F,532 Robbins Street Apt. 343,96770
8291,8291,Jose,Moore,M,395 Jackson Rest,87954
8292,8292,Barbara,Mccullough,F,2399 Thomas Corner,62608
8293,8293,Dustin,Costa,M,874 Kaitlyn Meadows,89535
8294,8294,Stephanie,Stone,F,417 Gonzales Port,38633
8295,8295,Erik,Cox,M,68524 Charles Lock,67552
8296,8296,Monica,Clay,F,4746 Kara Roads,08068
8297,8297,Blake,Reynolds,M,5252 Paul Garden Suite 254,06150
8298,8298,Catherine,Cooper,F,090 Ruth Canyon,29620
8299,8299,James,Ellis,M,24634 Christina Dam Apt. 408,49476
8300,8300,Stephanie,Mccoy,F,00461 David Expressway Apt. 394,99928
8301,8301,John,Lindsey,M,598 Emily Center Apt. 334,44205
8302,8302,Regina,Franklin,F,084 Carl Fork,29245
8303,8303,David,Craig,M,837 Michelle Mission Apt. 542,24214
8304,8304,Mandy,Johnson,F,9004 Jenna Manor Apt. 490,34063
8305,8305,Henry,Cross,M,249 Edward Estate,13547
8306,8306,Elizabeth,Bray,F,9448 Ray Ville Apt. 590,06359
8307,8307,Richard,Woods,M,4279 Mark Burgs Suite 635,36557
8308,8308,Brittney,Evans,F,5594 Andrew Heights Suite 154,53180
8309,8309,Richard,Flynn,M,9266 Jones Ranch Apt. 614,49153
8310,8310,Catherine,Bell,F,7061 Winters Square Apt. 378,11660
8311,8311,Alexander,Freeman,M,3155 Mark Turnpike,59648
8312,8312,Grace,Williams,F,58824 Jocelyn Springs,53293
8313,8313,Ryan,Blake,M,35053 Stanley Junctions,19779
8314,8314,Sandra,Olson,F,208 Zhang Avenue Suite 156,73135
8315,8315,Clinton,Johnson,M,38830 Dean Square Apt. 963,97892
8316,8316,Jennifer,Rodriguez,F,01609 George Terrace,36785
8317,8317,Jerome,Sanchez,M,838 Taylor Valley,39625
8318,8318,Brandy,Nelson,F,23340 Mary Cliffs Suite 729,15348
8319,8319,Jonathan,Cochran,M,8886 Rebecca Highway,64000
8320,8320,Laura,Pace,F,73462 Matthew Ramp,54523
8321,8321,Christopher,Ramirez,M,959 Dorothy Via Suite 282,21260
8322,8322,Michelle,Conley,F,10494 Timothy Run,70292
8323,8323,Douglas,Johnson,M,86278 Jason Via,31316
8324,8324,Jennifer,Bailey,F,107 Zachary Lock Suite 737,68117
8325,8325,Troy,Miles,M,44737 Zachary Estates,51329
8326,8326,Kelly,Bradley,F,20004 Catherine Garden,20036
8327,8327,Paul,King,M,27454 Price Flat,25681
8328,8328,Brittany,Jones,F,31248 Olson Tunnel Apt. 251,88033
8329,8329,Brian,Franco,M,1867 William Circles Suite 086,98182
8330,8330,Shirley,Williams,F,0558 David Lodge,40144
8331,8331,Thomas,Armstrong,M,1790 Terri Way,19886
8332,8332,Anna,Crawford,F,6409 Jacob Lane Apt. 637,89139
8333,8333,Jeremy,Dyer,M,846 Samuel Common Suite 755,85694
8334,8334,Katie,Garcia,F,55897 Vaughn Place Apt. 230,91743
8335,8335,Matthew,Baker,M,04972 David Row,51617
8336,8336,Caroline,Barton,F,82480 Joshua Mountain,34269
8337,8337,Wayne,Mitchell,M,72751 Bryant Terrace,83398
8338,8338,Victoria,Gillespie,F,327 Glenda Lights,05362
8339,8339,Jimmy,Waters,M,71270 Neal Underpass,83296
8340,8340,Sara,Kirby,F,26845 Anita Hollow Suite 778,05114
8341,8341,James,White,M,660 Rebecca Road Suite 253,23710
8342,8342,Jasmine,Reed,F,956 Cervantes Mill Suite 315,56464
8343,8343,William,Guerrero,M,640 Chapman Fall,21573
8344,8344,Betty,Mason,F,5234 Soto Forks Apt. 557,61290
8345,8345,Thomas,Hernandez,M,531 Stewart Streets Apt. 976,38104
8346,8346,Breanna,Williams,F,9952 Sanford Turnpike Apt. 042,75670
8347,8347,Edward,Baker,M,1197 Knight Tunnel,68093
8348,8348,Lisa,Greer,F,140 Drake Pass,44304
8349,8349,Connor,Martin,M,407 Richard Plaza,29774
8350,8350,Tammy,Collins,F,302 Sean Summit,05435
8351,8351,James,Moreno,M,50617 Clark Motorway,68030
8352,8352,Jamie,Gibson,F,352 Dickerson Club Apt. 233,76061
8353,8353,Dwayne,Rowe,M,537 Michael Dam,62747
8354,8354,Autumn,Gutierrez,F,6719 Michael Junctions Suite 087,58366
8355,8355,John,Diaz,M,484 Hester Station,96892
8356,8356,Julie,Wolf,F,0017 Newman Fields,83317
8357,8357,John,Hayden,M,1261 Christopher Court,84732
8358,8358,Denise,Stanton,F,2194 Colon Park,57772
8359,8359,Christian,Torres,M,7830 Stephanie Forges,59808
8360,8360,Lauren,Murray,F,1084 Todd Pines,77785
8361,8361,Andre,Brown,M,721 Roberson Avenue,82480
8362,8362,Karen,Ramos,F,85357 Eric Fall Suite 763,37507
8363,8363,Erik,Garner,M,27257 Richard Bypass,62107
8364,8364,Deanna,Cox,F,02001 Morgan Highway Suite 407,72082
8365,8365,James,Vaughn,M,11759 Lewis Knoll,29885
8366,8366,Julie,Nelson,F,13781 Michael Manor,97076
8367,8367,Scott,Underwood,M,398 Jose Hollow,04090
8368,8368,Jennifer,James,F,1223 Michelle Skyway,59864
8369,8369,Kenneth,Wright,M,1491 Walker Mill,30345
8370,8370,Laurie,Cunningham,F,92140 Ortiz Road Apt. 263,78141
8371,8371,Nathan,Oliver,M,1406 Timothy Rapids,84319
8372,8372,Crystal,Ball,F,483 Nelson Plains Apt. 346,99604
8373,8373,Ronald,Bowman,M,05212 Woodward Locks,11495
8374,8374,Ashley,Gibson,F,9121 Mueller View,68068
8375,8375,Austin,Flores,M,87148 Maria Alley Suite 862,73034
8376,8376,Sophia,Jensen,F,48887 Pamela Ports,30781
8377,8377,Darryl,Gordon,M,17778 Clark Inlet Suite 039,40020
8378,8378,Brittney,Baxter,F,186 Gary Via,38469
8379,8379,Joshua,Conway,M,8423 Reid Meadows Suite 177,61088
8380,8380,Susan,Gutierrez,F,335 Higgins Valley Apt. 661,02804
8381,8381,Wesley,Zhang,M,7285 Nicholas Flats,54693
8382,8382,Amanda,Johnson,F,515 Powell Canyon Suite 371,38856
8383,8383,Dennis,Moody,M,38943 Maria Lock Suite 208,06287
8384,8384,Michele,Perkins,F,222 Lowe Rapid,67194
8385,8385,Nicholas,West,M,7803 Brewer Stravenue Suite 351,28329
8386,8386,Sarah,Chan,F,250 Tiffany Points,36654
8387,8387,Alan,Brown,M,6614 Green Mall Suite 337,14575
8388,8388,Anna,Lee,F,684 Newman Common,06345
8389,8389,James,Torres,M,515 William Gardens,93806
8390,8390,Victoria,Roy,F,262 Sean Manors,84529
8391,8391,Samuel,Hernandez,M,5468 Martin Prairie,57392
8392,8392,Stephanie,Hernandez,F,008 Ann Vista,03555
8393,8393,Nathan,Reyes,M,16441 Breanna Center,03037
8394,8394,Alexis,Mooney,F,9443 Jenkins Glen Apt. 884,28421
8395,8395,Mike,Schroeder,M,3652 Gonzalez Light,98600
8396,8396,Rebecca,Stevens,F,909 Susan Passage,99809
8397,8397,Daniel,Taylor,M,4382 Suzanne Crossroad,36276
8398,8398,Maria,Hines,F,512 John Trafficway Suite 104,20039
8399,8399,Kenneth,Carter,M,482 Tucker Club Suite 718,24086
8400,8400,Jennifer,Vincent,F,2425 Greene Lake Apt. 259,35045
8401,8401,James,Hayes,M,44280 Wilson Expressway,46912
8402,8402,Courtney,Ryan,F,998 Travis Estates,07629
8403,8403,Zachary,Smith,M,45817 Melissa Pass Suite 518,67610
8404,8404,Jennifer,Hicks,F,5026 Reese Brooks,05105
8405,8405,Travis,Daniels,M,030 Burgess Junction Apt. 595,85705
8406,8406,Laura,Black,F,9161 Renee View Apt. 698,36671
8407,8407,Joseph,Gonzalez,M,259 Pena Square,35639
8408,8408,Bethany,Mcdaniel,F,4794 Fowler Wall,70552
8409,8409,Michael,Adams,M,254 Davis Common,83352
8410,8410,Katelyn,King,F,231 Michele Route,38672
8411,8411,Adam,Snyder,M,146 Perez Spring,19779
8412,8412,Michele,Wheeler,F,028 Anderson Lodge Suite 293,20022
8413,8413,Michael,Valenzuela,M,95964 Megan Forks,18791
8414,8414,Jennifer,Kim,F,5624 Hannah Brooks,86336
8415,8415,Charles,Munoz,M,5097 Melissa Ridge Suite 922,83783
8416,8416,Amy,Patterson,F,1406 Contreras Village,28496
8417,8417,Steven,Reed,M,35836 Williams Flats,47564
8418,8418,Danielle,Ingram,F,320 Danielle Burgs,28232
8419,8419,Brian,Durham,M,4550 Richardson Place,51936
8420,8420,Alyssa,Morrison,F,41689 Nicholson Burgs,97307
8421,8421,Juan,Wilson,M,102 Colon Dale,78341
8422,8422,Marie,Lawrence,F,49687 David Fields Suite 641,04465
8423,8423,John,Lane,M,0349 Pedro Avenue,03434
8424,8424,Melanie,Ramos,F,547 Norris Knoll Suite 381,38648
8425,8425,Craig,Johnson,M,353 Brian Road,41310
8426,8426,Teresa,Vega,F,61935 Tiffany Motorway Suite 353,68097
8427,8427,Paul,Beck,M,4278 Brandy Mission Suite 833,02457
8428,8428,Tonya,Crawford,F,35851 Foster Forks Apt. 046,49416
8429,8429,Andrew,Christian,M,63734 Justin Hollow Apt. 295,04666
8430,8430,Jessica,Jones,F,92995 Cobb Burg Suite 163,05451
8431,8431,Timothy,Hays,M,245 Gregory Hollow,77972
8432,8432,Brooke,Elliott,F,4060 Kennedy Port Suite 352,04692
8433,8433,Daniel,Merritt,M,3276 Melissa Inlet,02822
8434,8434,Allison,Molina,F,221 Robbins Light,73079
8435,8435,Brian,Paul,M,110 Mathis Underpass,20932
8436,8436,Roberta,Peterson,F,400 Kim Tunnel,97802
8437,8437,Luis,Robinson,M,369 Christian Dale,01506
8438,8438,Jessica,Boyer,F,85277 Alicia Circles,70934
8439,8439,Benjamin,Brown,M,1834 Stevenson Inlet,50511
8440,8440,Kristen,Stevens,F,1673 Victoria Brooks,03861
8441,8441,Brad,Parker,M,733 Kim Spring Suite 544,22379
8442,8442,Sarah,Lowe,F,744 Melanie Divide,22765
8443,8443,Christopher,Mack,M,94057 Steven Meadows Apt. 047,86232
8444,8444,Rebecca,Wilcox,F,0985 Caleb Wells,78975
8445,8445,Alexander,Willis,M,495 James Course Suite 330,20001
8446,8446,Dawn,Cohen,F,6171 Ayala Summit Apt. 462,89251
8447,8447,Edward,Mosley,M,694 Erica Stream Suite 979,22571
8448,8448,Alicia,Mcguire,F,8166 Hernandez Burgs Apt. 769,73015
8449,8449,Jacob,Wilson,M,701 Simpson Mills Suite 359,76374
8450,8450,Teresa,Hoffman,F,6572 Smith Views Apt. 442,31622
8451,8451,Phillip,Collins,M,081 Farley Estate,82648
8452,8452,Karen,Weber,F,1244 Johnson Corner,37114
8453,8453,Tyler,Maddox,M,16471 Rice Ramp,05434
8454,8454,Diamond,Allen,F,949 Alexander Tunnel,83852
8455,8455,Robert,Yoder,M,933 Cheryl Harbors,19601
8456,8456,Miranda,Williams,F,225 Deleon Gardens Suite 724,50328
8457,8457,Joseph,Lopez,M,18429 Richard Port,96817
8458,8458,Amy,Donovan,F,2090 Victoria Place Apt. 566,47216
8459,8459,Jose,Moore,M,395 Jackson Rest,87954
8460,8460,Amber,Green,F,095 Brooks Point,99943
8461,8461,Kevin,Contreras,M,317 Andrew Road Suite 504,50744
8462,8462,Dominique,Costa,F,874 Kaitlyn Meadows,89535
8463,8463,Erik,Cox,M,68524 Charles Lock,67552
8464,8464,Catherine,Cooper,F,090 Ruth Canyon,29620
8465,8465,Steven,Mccoy,M,00461 David Expressway Apt. 394,99928
8466,8466,Regina,Franklin,F,084 Carl Fork,29245
8467,8467,Martin,Perkins,M,49690 Grace Garden,14493
8468,8468,Karen,Brown,F,50259 White Parkways,99688
8469,8469,Michael,Smith,M,50952 Wall Forges,83118
8470,8470,Jamie,Freeman,F,13775 Mendoza Turnpike Apt. 239,54984
8471,8471,Justin,Bullock,M,84351 Ortiz Harbors,20014
8472,8472,Joy,Rhodes,F,5370 Morrow Cliff Suite 190,38881
8473,8473,Christopher,Smith,M,37330 Cynthia Ramp Apt. 055,99792
8474,8474,Maria,Reeves,F,823 Cox Knolls,96813
8475,8475,Michael,Holloway,M,32940 Bright Path,05286
8476,8476,Mandy,Johnson,F,9004 Jenna Manor Apt. 490,34063
8477,8477,Richard,Woods,M,4279 Mark Burgs Suite 635,36557
8478,8478,Rachel,Flynn,F,9266 Jones Ranch Apt. 614,49153
8479,8479,Alexander,Freeman,M,3155 Mark Turnpike,59648
8480,8480,Debbie,Simmons,F,5171 Anderson Hills Apt. 339,83715
8481,8481,Ryan,Blake,M,35053 Stanley Junctions,19779
8482,8482,Theresa,Carroll,F,26269 Allen Lodge Apt. 450,03628
8483,8483,Steven,Hall,M,95279 Andrea Vista,51436
8484,8484,Morgan,Frank,F,9099 Johnny Loop,70429
8485,8485,Tyler,Mendoza,M,822 Stephen Centers Apt. 468,22371
8486,8486,Judith,Fitzgerald,F,16980 Lewis Falls Suite 951,85124
8487,8487,David,Williams,M,60943 Cantrell Stream,68073
8488,8488,Shannon,Bowers,F,7726 Christine Mall,89840
8489,8489,Christopher,Ramirez,M,959 Dorothy Via Suite 282,21260
8490,8490,Jennifer,Bailey,F,107 Zachary Lock Suite 737,68117
8491,8491,Paul,King,M,27454 Price Flat,25681
8492,8492,Ashley,Franco,F,1867 William Circles Suite 086,98182
8493,8493,Jeremy,Dyer,M,846 Samuel Common Suite 755,85694
8494,8494,Marie,Baker,F,04972 David Row,51617
8495,8495,Christopher,Barton,M,82480 Joshua Mountain,34269
8496,8496,Tracy,Mitchell,F,72751 Bryant Terrace,83398
8497,8497,William,Gillespie,M,327 Glenda Lights,05362
8498,8498,Judy,Waters,F,71270 Neal Underpass,83296
8499,8499,Ryan,Kirby,M,26845 Anita Hollow Suite 778,05114
8500,8500,Whitney,Johnson,F,6441 Baker Lake,84187
8501,8501,David,Ortega,M,681 Peter Circles,79517
8502,8502,Cassandra,Wheeler,F,2867 Jennifer Alley Suite 820,63342
8503,8503,James,White,M,660 Rebecca Road Suite 253,23710
8504,8504,Megan,Davis,F,4731 John Fields Apt. 469,37369
8505,8505,Paul,Lin,M,0038 Braun Fords Apt. 760,12368
8506,8506,Mary,Cook,F,796 Michelle Junctions Apt. 805,83508
8507,8507,Gerald,Johnson,M,395 Rangel Point Apt. 399,02919
8508,8508,Jasmine,Reed,F,956 Cervantes Mill Suite 315,56464
8509,8509,Greg,Smith,M,986 Graham Creek Suite 071,68013
8510,8510,Tracy,Clark,F,13836 Heather Drive Apt. 449,46554
8511,8511,Carl,Mason,M,5234 Soto Forks Apt. 557,61290
8512,8512,Susan,Hernandez,F,531 Stewart Streets Apt. 976,38104
8513,8513,Edward,Baker,M,1197 Knight Tunnel,68093
8514,8514,Cheryl,Martin,F,407 Richard Plaza,29774
8515,8515,Thomas,Collins,M,302 Sean Summit,05435
8516,8516,Jamie,Gibson,F,352 Dickerson Club Apt. 233,76061
8517,8517,Bruce,Gutierrez,M,6719 Michael Junctions Suite 087,58366
8518,8518,Kathy,Gilbert,F,8678 Howard Villages Apt. 534,22595
8519,8519,Grant,Lewis,M,479 Williams Landing Suite 108,87232
8520,8520,Heather,Norris,F,3159 Jenkins Vista,85370
8521,8521,Ryan,Kelley,M,56596 Melissa Stream Suite 776,43924
8522,8522,Misty,Diaz,F,524 Michelle Ferry Suite 818,25406
8523,8523,Daniel,Dorsey,M,01932 Renee Prairie Apt. 399,32837
8524,8524,Becky,Turner,F,8142 Todd Crossroad,84461
8525,8525,Willie,Dixon,M,008 Montgomery Cape Apt. 533,57068
8526,8526,Deborah,Gilbert,F,0268 Christensen Overpass Suite 590,05032
8527,8527,John,Diaz,M,484 Hester Station,96892
8528,8528,Katelyn,Hayden,F,1261 Christopher Court,84732
8529,8529,Christian,Torres,M,7830 Stephanie Forges,59808
8530,8530,Jane,Vaughn,F,11759 Lewis Knoll,29885
8531,8531,Joshua,Conway,M,8423 Reid Meadows Suite 177,61088
8532,8532,Amanda,Johnson,F,515 Powell Canyon Suite 371,38856
8533,8533,Michael,Perkins,M,222 Lowe Rapid,67194
8534,8534,Alexis,Brown,F,6614 Green Mall Suite 337,14575
8535,8535,Steven,Hernandez,M,008 Ann Vista,03555
8536,8536,Maria,Hines,F,512 John Trafficway Suite 104,20039
8537,8537,Kenneth,Carter,M,482 Tucker Club Suite 718,24086
8538,8538,Maria,Jones,F,07160 Casey Field,55816
8539,8539,Robert,Rogers,M,90993 Morris Ports,84634
8540,8540,Melissa,Smith,F,474 Judith Villages Suite 007,03677
8541,8541,Jason,Vincent,M,2425 Greene Lake Apt. 259,35045
8542,8542,Leslie,Lutz,F,762 Victoria Via,40551
8543,8543,Joseph,Farmer,M,40087 Moon Gateway Apt. 116,22532
8544,8544,Lisa,Martinez,F,007 Soto Walk Suite 201,30006
8545,8545,Nicholas,Bird,M,8083 Rogers Terrace,70206
8546,8546,Elizabeth,Oconnor,F,72963 Curtis Mews,82585
8547,8547,Kevin,Burns,M,878 Ricky Spurs Suite 428,58474
8548,8548,Stephanie,Baxter,F,013 Schneider Trail,86283
8549,8549,James,Hayes,M,44280 Wilson Expressway,46912
8550,8550,Courtney,Ryan,F,998 Travis Estates,07629
8551,8551,Joseph,Gonzalez,M,259 Pena Square,35639
8552,8552,Megan,Adams,F,254 Davis Common,83352
8553,8553,John,King,M,231 Michele Route,38672
8554,8554,Alexandra,Snyder,F,146 Perez Spring,19779
8555,8555,Michael,Wheeler,M,028 Anderson Lodge Suite 293,20022
8556,8556,Michelle,Valenzuela,F,95964 Megan Forks,18791
8557,8557,Jason,Kim,M,5624 Hannah Brooks,86336
8558,8558,Brittany,Munoz,F,5097 Melissa Ridge Suite 922,83783
8559,8559,Anthony,Patterson,M,1406 Contreras Village,28496
8560,8560,Stephanie,Reed,F,35836 Williams Flats,47564
8561,8561,Matthew,Lawrence,M,49687 David Fields Suite 641,04465
8562,8562,Karen,Lane,F,0349 Pedro Avenue,03434
8563,8563,Michael,Ramos,M,547 Norris Knoll Suite 381,38648
8564,8564,Cynthia,Fleming,F,476 Joshua Springs Apt. 930,88438
8565,8565,Derek,Andersen,M,0277 Jessica Via,44048
8566,8566,Courtney,Boyer,F,3759 Amanda Stravenue Suite 201,30153
8567,8567,Andrew,Evans,M,56021 Ashley Prairie Suite 681,97629
8568,8568,Christina,Johnson,F,353 Brian Road,41310
8569,8569,Thomas,Perkins,M,880 Rice Well Suite 934,68025
8570,8570,Valerie,Whitaker,F,9335 Hernandez Ports Suite 765,19744
8571,8571,Todd,Vega,M,61935 Tiffany Motorway Suite 353,68097
8572,8572,Sharon,Williamson,F,2578 Carolyn Trail Suite 297,56593
8573,8573,Clayton,Mathis,M,241 Karen Knolls,40325
8574,8574,Alexandria,Jones,F,1804 Maureen Streets Apt. 877,30415
8575,8575,Paul,Beck,M,4278 Brandy Mission Suite 833,02457
8576,8576,Connie,Douglas,F,73557 Donald Islands,70301
8577,8577,Cody,Garcia,M,48646 Brown Cove,87906
8578,8578,Tonya,Crawford,F,35851 Foster Forks Apt. 046,49416
8579,8579,Logan,Murphy,M,39507 Mary Rest Suite 912,58436
8580,8580,Brittany,Moore,F,3325 Lee Pines,10597
8581,8581,Jeremy,Jones,M,92995 Cobb Burg Suite 163,05451
8582,8582,Brooke,Elliott,F,4060 Kennedy Port Suite 352,04692
8583,8583,Joshua,Schmitt,M,112 Kara Via Suite 447,97174
8584,8584,Julia,Duncan,F,8285 Eric Corner Suite 003,89632
8585,8585,Alexander,Molina,M,221 Robbins Light,73079
8586,8586,Jennifer,King,F,332 Gary Dam,43863
8587,8587,Gregory,Morrison,M,9678 Mary Knolls Apt. 774,33632
8588,8588,Valerie,Austin,F,7884 Jessica Plaza,11879
8589,8589,Adam,Mack,M,4531 Mary Mills,98150
8590,8590,Lisa,Santos,F,4430 Mark Harbors Suite 599,24169
8591,8591,Jeffrey,Watson,M,60007 Delgado Isle Suite 358,08803
8592,8592,Lisa,Robinson,F,369 Christian Dale,01506
8593,8593,Marcus,Jordan,M,1114 Weber Divide,41815
8594,8594,Andrea,Brown,F,1834 Stevenson Inlet,50511
8595,8595,Cameron,Perez,M,796 Elaine Centers Apt. 286,98035
8596,8596,Brittany,Watson,F,9753 Kennedy Plain,38200
8597,8597,Brad,Parker,M,733 Kim Spring Suite 544,22379
8598,8598,Claudia,Montoya,F,8963 Patricia Walk,06137
8599,8599,Christopher,Mack,M,94057 Steven Meadows Apt. 047,86232
8600,8600,Lisa,Molina,F,91576 Jason Ridge Suite 366,87494
8601,8601,Alexander,Willis,M,495 James Course Suite 330,20001
8602,8602,Julie,Hobbs,F,2772 Mcneil Roads,02875
8603,8603,Dustin,Anderson,M,766 Joanne Street,21270
8604,8604,Sheryl,Black,F,7225 Hill Rapids,52399
8605,8605,Anthony,Summers,M,9618 Traci Street,23915
8606,8606,Alexis,Collins,F,1497 Heath Cape,31549
8607,8607,Dennis,Green,M,467 Robert Lodge,46845
8608,8608,Dawn,Cohen,F,6171 Ayala Summit Apt. 462,89251
8609,8609,John,Ford,M,477 Novak Crossroad,26754
8610,8610,Amanda,Koch,F,231 Jessica Neck,21225
8611,8611,Edward,Mosley,M,694 Erica Stream Suite 979,22571
8612,8612,Amy,Bautista,F,5717 Marks Locks,89863
8613,8613,Alec,Mcguire,M,8166 Hernandez Burgs Apt. 769,73015
8614,8614,Julie,Mcknight,F,264 Ayers Land Suite 989,73178
8615,8615,Jacob,Wilson,M,701 Simpson Mills Suite 359,76374
8616,8616,Amy,Tucker,F,432 Allen Rapids Apt. 960,51054
8617,8617,Phillip,Collins,M,081 Farley Estate,82648
8618,8618,Karen,Weber,F,1244 Johnson Corner,37114
8619,8619,Donald,Allen,M,949 Alexander Tunnel,83852
8620,8620,Jennifer,Evans,F,62722 Sharon Circles Apt. 085,57309
8621,8621,Nathaniel,Williams,M,225 Deleon Gardens Suite 724,50328
8622,8622,Tanya,Tran,F,22626 Murphy Mill Suite 157,84264
8623,8623,Brian,Anderson,M,1905 Emma Plains,96753
8624,8624,Emily,Bryant,F,3096 Tammy Heights Apt. 492,59831
8625,8625,Roy,Smith,M,00339 Eddie Hollow,02844
8626,8626,Amy,Donovan,F,2090 Victoria Place Apt. 566,47216
8627,8627,Danny,Johnson,M,5094 Davis Highway Apt. 622,49662
8628,8628,Brooke,Manning,F,6506 Wendy Row,85526
8629,8629,Thomas,Evans,M,6206 Lloyd Isle Apt. 569,29764
8630,8630,Molly,Cox,F,6541 Kathy Pines,88963
8631,8631,Steven,Clark,M,3141 Rodriguez Streets,39294
8632,8632,Amber,Green,F,095 Brooks Point,99943
8633,8633,Bruce,Kelly,M,3860 Stanton Junctions Suite 825,40656
8634,8634,Laurie,Contreras,F,317 Andrew Road Suite 504,50744
8635,8635,Taylor,Smith,M,05383 Katherine Plain Apt. 316,39776
8636,8636,Margaret,Perkins,F,49690 Grace Garden,14493
8637,8637,Benjamin,Armstrong,M,1749 Olsen Stravenue,12003
8638,8638,Karen,Brown,F,50259 White Parkways,99688
8639,8639,Jerry,Barnes,M,38479 Robert Estates Apt. 915,70766
8640,8640,Melissa,Smith,F,50952 Wall Forges,83118
8641,8641,Adam,Stokes,M,310 Jonathan Pines,03340
8642,8642,Jamie,Freeman,F,13775 Mendoza Turnpike Apt. 239,54984
8643,8643,Richard,Delgado,M,9193 Wesley Stravenue,96810
8644,8644,Kristina,Bullock,F,84351 Ortiz Harbors,20014
8645,8645,Richard,Jackson,M,2196 James Parkways Apt. 230,41848
8646,8646,Joy,Rhodes,F,5370 Morrow Cliff Suite 190,38881
8647,8647,Kevin,Gonzalez,M,2880 Sarah Wells Suite 877,02934
8648,8648,Carolyn,Smith,F,37330 Cynthia Ramp Apt. 055,99792
8649,8649,Jeffery,Smith,M,93670 Mann Rapid,05224
8650,8650,Maria,Reeves,F,823 Cox Knolls,96813
8651,8651,Alex,Crawford,M,66728 Martinez Fields Apt. 738,83659
8652,8652,Michele,Holloway,F,32940 Bright Path,05286
8653,8653,Harry,Miranda,M,27690 Nicholson Ville,72273
8654,8654,Debbie,Simmons,F,5171 Anderson Hills Apt. 339,83715
8655,8655,Jason,Bennett,M,495 Daniel Ways,37183
8656,8656,Theresa,Carroll,F,26269 Allen Lodge Apt. 450,03628
8657,8657,Steven,Hall,M,95279 Andrea Vista,51436
8658,8658,Yvonne,Davis,F,4446 Hammond Mill Apt. 401,82171
8659,8659,Nicholas,Frank,M,9099 Johnny Loop,70429
8660,8660,Sarah,Meadows,F,55500 Tiffany Locks Suite 306,94147
8661,8661,Tyler,Mendoza,M,822 Stephen Centers Apt. 468,22371
8662,8662,Jennifer,Griffin,F,9758 Molly Common,58680
8663,8663,Jim,Fitzgerald,M,16980 Lewis Falls Suite 951,85124
8664,8664,Julie,Short,F,628 Rojas Plains Suite 819,11683
8665,8665,David,Williams,M,60943 Cantrell Stream,68073
8666,8666,Elizabeth,Greene,F,161 Andrew Forge,53378
8667,8667,Scott,Bowers,M,7726 Christine Mall,89840
8668,8668,Melissa,White,F,2995 Cox Mission,48974
8669,8669,Zachary,Johnson,M,6441 Baker Lake,84187
8670,8670,Brenda,Cooley,F,9701 Wall Tunnel,46182
8671,8671,David,Ortega,M,681 Peter Circles,79517
8672,8672,Lori,Lowe,F,42704 Mueller Drive Apt. 190,84231
8673,8673,Troy,Adams,M,714 Miller Drives Apt. 470,58290
8674,8674,April,Morales,F,6609 Logan Inlet,46641
8675,8675,Troy,Campbell,M,3203 Shawna Extensions,64535
8676,8676,Kimberly,Baker,F,711 Cuevas Trafficway,98541
8677,8677,Patrick,Myers,M,229 Moore Shores Suite 110,34768
8678,8678,Karla,Bowen,F,9324 John Loop Apt. 788,71652
8679,8679,Jose,Lewis,M,830 Jones Expressway Suite 760,96730
8680,8680,Cassandra,Wheeler,F,2867 Jennifer Alley Suite 820,63342
8681,8681,Brian,Bell,M,5518 Hunt Stravenue,05219
8682,8682,Alyssa,Curtis,F,2710 Wolf Burg Apt. 428,87576
8683,8683,Michael,Davis,M,4731 John Fields Apt. 469,37369
8684,8684,Sheila,Cooper,F,600 Jonathan Turnpike Suite 147,27269
8685,8685,Thomas,Brown,M,35377 Barber Crest,05084
8686,8686,Nicole,Lin,F,0038 Braun Fords Apt. 760,12368
8687,8687,Adam,Brown,M,5893 Gibbs Courts,80763
8688,8688,Lindsey,Kennedy,F,916 Long Circle,14345
8689,8689,Benjamin,Douglas,M,4186 David Green,48260
8690,8690,Linda,Olsen,F,905 James Shore,97797
8691,8691,Eric,Hudson,M,274 Jacob Oval Apt. 542,39229
8692,8692,Victoria,Davis,F,57355 Nicholas Mission,36320
8693,8693,Michael,Cook,M,796 Michelle Junctions Apt. 805,83508
8694,8694,Gail,Young,F,85608 Cooper Lock Apt. 678,04079
8695,8695,Bradley,Joseph,M,889 Smith Row Suite 673,85332
8696,8696,Gina,Johnson,F,395 Rangel Point Apt. 399,02919
8697,8697,Clinton,Rodriguez,M,96732 Leslie Plain Suite 787,67740
8698,8698,Gwendolyn,Smith,F,986 Graham Creek Suite 071,68013
8699,8699,Michael,Hill,M,03620 Patterson Square,14694
8700,8700,Vicki,Robinson,F,04950 Bullock Tunnel Suite 258,38275
8701,8701,Vincent,Clark,M,13836 Heather Drive Apt. 449,46554
8702,8702,April,Potter,F,8237 Chapman Stream Apt. 970,58374
8703,8703,Jacob,Henderson,M,767 Nelson Keys,34313
8704,8704,Emma,Lane,F,84648 Obrien Square Apt. 078,50941
8705,8705,Benjamin,Ortiz,M,854 Allison Locks,47261
8706,8706,Sheila,Warner,F,292 Dominique Pass,71061
8707,8707,Jonathan,Gilbert,M,8678 Howard Villages Apt. 534,22595
8708,8708,Jacqueline,Schmidt,F,3656 Krystal Station Apt. 527,37675
8709,8709,Stuart,Howard,M,20704 Joshua Viaduct Suite 142,55814
8710,8710,Grace,Lewis,F,479 Williams Landing Suite 108,87232
8711,8711,Ronald,Gonzalez,M,2936 Jorge Forest,54288
8712,8712,Grace,Patton,F,7237 Newman Spur Suite 883,85392
8713,8713,Ian,Norris,M,3159 Jenkins Vista,85370
8714,8714,Katrina,Patterson,F,753 Bell Fords,03697
8715,8715,Ryan,Kelley,M,56596 Melissa Stream Suite 776,43924
8716,8716,Chelsea,Brown,F,018 Thomas Path Suite 474,04434
8717,8717,Nathaniel,Diaz,M,524 Michelle Ferry Suite 818,25406
8718,8718,Christine,Dorsey,F,01932 Renee Prairie Apt. 399,32837
8719,8719,Caleb,Turner,M,8142 Todd Crossroad,84461
8720,8720,Wendy,Dixon,F,008 Montgomery Cape Apt. 533,57068
8721,8721,Dennis,Gilbert,M,0268 Christensen Overpass Suite 590,05032
8722,8722,Maria,Jones,F,07160 Casey Field,55816
8723,8723,Robert,Rogers,M,90993 Morris Ports,84634
8724,8724,Melissa,Smith,F,474 Judith Villages Suite 007,03677
8725,8725,Kevin,Lutz,M,762 Victoria Via,40551
8726,8726,Kelly,Farmer,F,40087 Moon Gateway Apt. 116,22532
8727,8727,Luke,Martinez,M,007 Soto Walk Suite 201,30006
8728,8728,Morgan,Bird,F,8083 Rogers Terrace,70206
8729,8729,Eric,Oconnor,M,72963 Curtis Mews,82585
8730,8730,Leslie,Burns,F,878 Ricky Spurs Suite 428,58474
8731,8731,Steven,Baxter,M,013 Schneider Trail,86283
8732,8732,Hannah,Murphy,F,907 Daniel Meadow,67607
8733,8733,Samuel,Moore,M,1559 Cortez Forest,16823
8734,8734,Mary,Jones,F,36242 Danny Lock,73119
8735,8735,Paul,Snow,M,78793 Valerie Summit,67510
8736,8736,Cathy,Garcia,F,35278 Lori Terrace Suite 114,45003
8737,8737,David,Fleming,M,476 Joshua Springs Apt. 930,88438
8738,8738,Deborah,Andersen,F,0277 Jessica Via,44048
8739,8739,Danny,Boyer,M,3759 Amanda Stravenue Suite 201,30153
8740,8740,Amanda,Evans,F,56021 Ashley Prairie Suite 681,97629
8741,8741,Thomas,Perkins,M,880 Rice Well Suite 934,68025
8742,8742,Valerie,Whitaker,F,9335 Hernandez Ports Suite 765,19744
8743,8743,Sean,Williamson,M,2578 Carolyn Trail Suite 297,56593
8744,8744,Catherine,Mathis,F,241 Karen Knolls,40325
8745,8745,Adam,Jones,M,1804 Maureen Streets Apt. 877,30415
8746,8746,Connie,Douglas,F,73557 Donald Islands,70301
8747,8747,Cody,Garcia,M,48646 Brown Cove,87906
8748,8748,Lisa,Murphy,F,39507 Mary Rest Suite 912,58436
8749,8749,Charles,Moore,M,3325 Lee Pines,10597
8750,8750,Patricia,Howe,F,72155 Ingram Court,99525
8751,8751,Joshua,Schmitt,M,112 Kara Via Suite 447,97174
8752,8752,Julia,Duncan,F,8285 Eric Corner Suite 003,89632
8753,8753,Christopher,Carr,M,0368 Jefferson Dale Suite 755,08262
8754,8754,Jennifer,King,F,332 Gary Dam,43863
8755,8755,Brent,Marsh,M,129 Bernard Streets Suite 926,39327
8756,8756,Hannah,Morrison,F,9678 Mary Knolls Apt. 774,33632
8757,8757,Wesley,Austin,M,7884 Jessica Plaza,11879
8758,8758,Catherine,Martinez,F,7334 Jason Pass,01821
8759,8759,Adam,Mack,M,4531 Mary Mills,98150
8760,8760,Amy,Porter,F,7608 Davis Stravenue Apt. 132,88298
8761,8761,Luis,Santos,M,4430 Mark Harbors Suite 599,24169
8762,8762,Jessica,Watson,F,60007 Delgado Isle Suite 358,08803
8763,8763,Christopher,Smith,M,7800 Daniel Mountain Suite 456,99866
8764,8764,Lori,Jordan,F,1114 Weber Divide,41815
8765,8765,Mark,Jacobs,M,4524 King Stravenue Apt. 783,29058
8766,8766,Beth,Perez,F,796 Elaine Centers Apt. 286,98035
8767,8767,Chris,Watson,M,9753 Kennedy Plain,38200
8768,8768,Anna,Vaughn,F,86758 Russell Crossing Suite 526,72000
8769,8769,Shawn,Sawyer,M,20134 Jacobs Lakes Apt. 295,21894
8770,8770,Cindy,Callahan,F,1253 Eaton Inlet,83501
8771,8771,Daniel,Montoya,M,8963 Patricia Walk,06137
8772,8772,Kendra,Lee,F,0840 Mitchell Ranch Suite 330,39000
8773,8773,Shane,Martin,M,835 Bradshaw Turnpike,39511
8774,8774,Sara,Hill,F,532 Oconnor Plaza Suite 385,19941
8775,8775,Christopher,Reilly,M,8546 Flores Crest Apt. 908,35584
8776,8776,Autumn,Tate,F,85836 Deleon Prairie,03423
8777,8777,Alexander,Howard,M,789 Cooper Ford Apt. 615,44839
8778,8778,Laura,Smith,F,048 Sosa Park,39081
8779,8779,Lawrence,Molina,M,91576 Jason Ridge Suite 366,87494
8780,8780,Crystal,Perez,F,581 Hansen Falls Suite 015,57762
8781,8781,John,Hobbs,M,2772 Mcneil Roads,02875
8782,8782,Donna,Anderson,F,766 Joanne Street,21270
8783,8783,Travis,Hamilton,M,9117 Walters Heights,31818
8784,8784,Sheryl,Black,F,7225 Hill Rapids,52399
8785,8785,Anthony,Summers,M,9618 Traci Street,23915
8786,8786,Vanessa,Thompson,F,716 Robinson Estate Suite 099,41283
8787,8787,Adrian,Collins,M,1497 Heath Cape,31549
8788,8788,Katie,Phillips,F,27699 John Ports Apt. 625,18260
8789,8789,Dennis,Green,M,467 Robert Lodge,46845
8790,8790,Alexandra,Price,F,5771 Jason Club,68118
8791,8791,John,Ford,M,477 Novak Crossroad,26754
8792,8792,Amanda,Koch,F,231 Jessica Neck,21225
8793,8793,Antonio,Bautista,M,5717 Marks Locks,89863
8794,8794,Jennifer,James,F,61241 Chen Fall,46615
8795,8795,John,Mcknight,M,264 Ayers Land Suite 989,73178
8796,8796,Courtney,Gaines,F,0464 Smith Highway,21477
8797,8797,Phillip,Charles,M,83094 Martinez Fork Suite 876,06033
8798,8798,Amy,Tucker,F,432 Allen Rapids Apt. 960,51054
8799,8799,Gregory,Beck,M,47327 Bell Forge Suite 739,19972
8800,8800,Jennifer,Evans,F,62722 Sharon Circles Apt. 085,57309
8801,8801,Timothy,Tran,M,22626 Murphy Mill Suite 157,84264
8802,8802,Ashley,Anderson,F,1905 Emma Plains,96753
8803,8803,George,Russell,M,7719 Farley Alley Suite 947,71815
8804,8804,Hannah,Vance,F,66788 Robert Bridge Apt. 466,40627
8805,8805,Lee,Cox,M,23190 Taylor Lane Suite 847,25763
8806,8806,Sarah,Bass,F,744 Howell Key,04537
8807,8807,Richard,Harris,M,0665 Johnson Oval Suite 394,21816
8808,8808,Emily,Bryant,F,3096 Tammy Heights Apt. 492,59831
8809,8809,Matthew,Ho,M,319 Robert Square,28851
8810,8810,Melissa,Lewis,F,4089 Carolyn Valleys,07720
8811,8811,Roy,Smith,M,00339 Eddie Hollow,02844
8812,8812,Courtney,Johnson,F,5094 Davis Highway Apt. 622,49662
8813,8813,Scott,Baker,M,6605 Robin Lights,84174
8814,8814,Brooke,Manning,F,6506 Wendy Row,85526
8815,8815,Randall,Padilla,M,174 Benjamin Neck,54259
8816,8816,Cassie,Stewart,F,328 Stone Unions Suite 078,55192
8817,8817,William,Clark,M,500 Christopher Hills,02839
8818,8818,Rebecca,Martinez,F,86096 Jared Gardens,35840
8819,8819,Luis,Long,M,953 Moore Orchard Suite 321,64094
8820,8820,Tammy,Gamble,F,94795 Rhonda Ferry Suite 786,94542
8821,8821,Christopher,Garcia,M,3987 Moore Cliff,71001
8822,8822,Jennifer,Phillips,F,664 Jason Creek,63452
8823,8823,Thomas,Evans,M,6206 Lloyd Isle Apt. 569,29764
8824,8824,Kimberly,Stanley,F,060 Emily Trail,37518
8825,8825,Eric,Drake,M,847 Moreno Trace Apt. 715,54730
8826,8826,Molly,Cox,F,6541 Kathy Pines,88963
8827,8827,Luke,Clark,M,35893 William Green,82887
8828,8828,Kathy,Fischer,F,407 Morrison Points Suite 395,05251
8829,8829,Michael,Ramos,M,9012 Cory Well Suite 874,02882
8830,8830,Stephanie,Clark,F,3141 Rodriguez Streets,39294
8831,8831,Robert,Carter,M,2651 Angela Courts Apt. 530,64391
8832,8832,Autumn,Kelly,F,3860 Stanton Junctions Suite 825,40656
8833,8833,Taylor,Smith,M,05383 Katherine Plain Apt. 316,39776
8834,8834,Angel,Armstrong,F,1749 Olsen Stravenue,12003
8835,8835,Jerry,Barnes,M,38479 Robert Estates Apt. 915,70766
8836,8836,Adrienne,Stokes,F,310 Jonathan Pines,03340
8837,8837,Richard,Delgado,M,9193 Wesley Stravenue,96810
8838,8838,Hailey,Johnson,F,3508 Gary Turnpike,71920
8839,8839,Troy,Taylor,M,764 Kenneth Avenue,66082
8840,8840,Michelle,Perez,F,2689 Chang Drives Suite 125,88038
8841,8841,Daniel,Thompson,M,7275 Allison Summit,98620
8842,8842,Christy,Werner,F,3096 Katherine Dam Apt. 333,72190
8843,8843,Michael,Wong,M,697 Eugene Neck,38402
8844,8844,Alexis,Cabrera,F,08704 Anthony Mews Suite 634,76657
8845,8845,Joel,Ellis,M,85971 Hannah Circle Suite 164,19510
8846,8846,Jaime,Owens,F,86597 Gabrielle Crossing,99074
8847,8847,Brian,Hill,M,281 Sharon Key Suite 019,99328
8848,8848,Stephanie,Bray,F,55840 Shawn Ville,96840
8849,8849,Wesley,Hansen,M,36884 Wallace Parkway Suite 884,12607
8850,8850,Pamela,Walls,F,922 Luna Squares,66271
8851,8851,David,Rivers,M,6110 Brooks Circle,88293
8852,8852,Sandra,Cunningham,F,76056 Karen Inlet,53679
8853,8853,Joseph,Walls,M,40842 Dylan Pine,96716
8854,8854,Rachel,Jackson,F,2196 James Parkways Apt. 230,41848
8855,8855,Antonio,Palmer,M,8763 Carter Estate,21754
8856,8856,Briana,Wright,F,9587 Jeffrey Brook Apt. 286,87346
8857,8857,Rodney,Roy,M,1304 Soto Drive,87520
8858,8858,Lauren,Gonzalez,F,2880 Sarah Wells Suite 877,02934
8859,8859,George,Jackson,M,968 Jack Plaza Suite 757,99604
8860,8860,Jessica,Smith,F,93670 Mann Rapid,05224
8861,8861,Alex,Crawford,M,66728 Martinez Fields Apt. 738,83659
8862,8862,Heather,Miranda,F,27690 Nicholson Ville,72273
8863,8863,Jason,Bennett,M,495 Daniel Ways,37183
8864,8864,Katherine,Curry,F,01619 Tonya Rue,56756
8865,8865,Zachary,Davis,M,4446 Hammond Mill Apt. 401,82171
8866,8866,Sarah,Meadows,F,55500 Tiffany Locks Suite 306,94147
8867,8867,Jamie,Griffin,M,9758 Molly Common,58680
8868,8868,Julie,Short,F,628 Rojas Plains Suite 819,11683
8869,8869,Edward,Greene,M,161 Andrew Forge,53378
8870,8870,Melissa,White,F,2995 Cox Mission,48974
8871,8871,Charles,Cooley,M,9701 Wall Tunnel,46182
8872,8872,Heather,Powell,F,21804 Steven Corners Apt. 763,62579
8873,8873,Mark,Lowe,M,42704 Mueller Drive Apt. 190,84231
8874,8874,Sabrina,Davidson,F,973 Judy Meadows Apt. 724,01935
8875,8875,Troy,Adams,M,714 Miller Drives Apt. 470,58290
8876,8876,April,Morales,F,6609 Logan Inlet,46641
8877,8877,Richard,Frank,M,92709 Moore Junctions,70009
8878,8878,Tiffany,Campbell,F,3203 Shawna Extensions,64535
8879,8879,Joshua,Baker,M,711 Cuevas Trafficway,98541
8880,8880,Sandra,Christensen,F,05487 Rose Inlet,39043
8881,8881,Patrick,Myers,M,229 Moore Shores Suite 110,34768
8882,8882,Karla,Bowen,F,9324 John Loop Apt. 788,71652
8883,8883,Bruce,Glover,M,271 Oconnell Mountain Suite 583,71022
8884,8884,Kelli,Lewis,F,830 Jones Expressway Suite 760,96730
8885,8885,Joseph,Mason,M,336 Jill Ridge,02822
8886,8886,Ashley,Bell,F,5518 Hunt Stravenue,05219
8887,8887,Jack,Hernandez,M,872 Laura Estates Apt. 372,57075
8888,8888,Alyssa,Curtis,F,2710 Wolf Burg Apt. 428,87576
8889,8889,David,Anderson,M,9990 Victor Street,35695
8890,8890,Sheila,Cooper,F,600 Jonathan Turnpike Suite 147,27269
8891,8891,Michael,Garrett,M,5635 Kristen Haven,72242
8892,8892,Susan,Brown,F,35377 Barber Crest,05084
8893,8893,Robert,Farley,M,69182 Wayne Camp Apt. 915,79327
8894,8894,Alexandra,Brown,F,5893 Gibbs Courts,80763
8895,8895,Robert,Wilson,M,890 Gregory Roads Apt. 876,73011
8896,8896,Lindsey,Kennedy,F,916 Long Circle,14345
8897,8897,Brandon,Molina,M,030 Nunez Ports Suite 238,02881
8898,8898,Andrea,Douglas,F,4186 David Green,48260
8899,8899,Benjamin,Reid,M,94150 Hamilton Brook Suite 138,89358
8900,8900,Linda,Olsen,F,905 James Shore,97797
8901,8901,Eric,Hudson,M,274 Jacob Oval Apt. 542,39229
8902,8902,Cynthia,Hall,F,295 Kimberly Green,99341
8903,8903,William,Davis,M,57355 Nicholas Mission,36320
8904,8904,Kimberly,Cole,F,421 Wolfe Parkway,32744
8905,8905,George,Young,M,85608 Cooper Lock Apt. 678,04079
8906,8906,Christy,Luna,F,7037 Frey Branch Suite 315,23143
8907,8907,Bradley,Joseph,M,889 Smith Row Suite 673,85332
8908,8908,Rebecca,Johnson,F,57733 Nguyen Forks,29280
8909,8909,Clinton,Rodriguez,M,96732 Leslie Plain Suite 787,67740
8910,8910,Megan,Hill,F,03620 Patterson Square,14694
8911,8911,Cory,Warner,M,6015 White Trace Suite 230,85088
8912,8912,Vicki,Robinson,F,04950 Bullock Tunnel Suite 258,38275
8913,8913,Jonathan,Melton,M,700 Kerr Inlet,06210
8914,8914,April,Potter,F,8237 Chapman Stream Apt. 970,58374
8915,8915,Michael,Reilly,M,237 Clark Harbor Apt. 686,33843
8916,8916,Jackie,Henderson,F,767 Nelson Keys,34313
8917,8917,Michael,Diaz,M,2744 Lopez Lock Apt. 566,51497
8918,8918,Emma,Lane,F,84648 Obrien Square Apt. 078,50941
8919,8919,James,Williams,M,569 James Light Apt. 091,59118
8920,8920,Andrea,Ortiz,F,854 Allison Locks,47261
8921,8921,Sean,Warner,M,292 Dominique Pass,71061
8922,8922,Nicole,Moore,F,282 Kendra Forge Apt. 571,02843
8923,8923,James,Schmidt,M,3656 Krystal Station Apt. 527,37675
8924,8924,Kara,Jackson,F,23383 Estrada Islands Suite 273,06223
8925,8925,Stuart,Howard,M,20704 Joshua Viaduct Suite 142,55814
8926,8926,Jessica,Leach,F,20720 Hill Fort Suite 524,19707
8927,8927,Ronald,Gonzalez,M,2936 Jorge Forest,54288
8928,8928,Grace,Patton,F,7237 Newman Spur Suite 883,85392
8929,8929,Michael,Cooper,M,2394 Joshua Estate,08085
8930,8930,Deborah,King,F,1153 Gutierrez Divide,59191
8931,8931,Zachary,Krueger,M,7437 Ballard Fords Apt. 543,98074
8932,8932,Katrina,Patterson,F,753 Bell Fords,03697
8933,8933,Colin,Brown,M,018 Thomas Path Suite 474,04434
8934,8934,Laura,Cox,F,282 Peter Manor Suite 547,37717
8935,8935,Gregory,Murphy,M,907 Daniel Meadow,67607
8936,8936,Becky,Jackson,F,9503 Smith Courts Suite 473,24417
8937,8937,Samuel,Moore,M,1559 Cortez Forest,16823
8938,8938,Jennifer,Wong,F,8622 Vega Roads Apt. 564,59241
8939,8939,Matthew,Jones,M,36242 Danny Lock,73119
8940,8940,Nicole,Snow,F,78793 Valerie Summit,67510
8941,8941,Gregory,Allen,M,84573 Figueroa Mountains,50217
8942,8942,Cathy,Garcia,F,35278 Lori Terrace Suite 114,45003
8943,8943,Kelly,Taylor,M,3649 Cohen Ridge,17707
8944,8944,Patricia,Howe,F,72155 Ingram Court,99525
8945,8945,Christopher,Carr,M,0368 Jefferson Dale Suite 755,08262
8946,8946,Maria,Turner,F,4921 Wendy Ports,87657
8947,8947,Brent,Marsh,M,129 Bernard Streets Suite 926,39327
8948,8948,Connie,Mcdonald,F,9635 Brandon Crescent,08248
8949,8949,Christopher,Martinez,M,7334 Jason Pass,01821
8950,8950,Joan,Perez,F,872 Walsh Expressway Suite 802,56502
8951,8951,Anthony,Porter,M,7608 Davis Stravenue Apt. 132,88298
8952,8952,Melissa,Brown,F,34434 Aguirre Course,08127
8953,8953,Christopher,Smith,M,7800 Daniel Mountain Suite 456,99866
8954,8954,Melanie,Burgess,F,66537 Brianna Glen Apt. 699,58597
8955,8955,Mark,Jacobs,M,4524 King Stravenue Apt. 783,29058
8956,8956,Anna,Vaughn,F,86758 Russell Crossing Suite 526,72000
8957,8957,James,Garcia,M,789 Thomas Canyon Apt. 747,75610
8958,8958,Sherry,Sawyer,F,20134 Jacobs Lakes Apt. 295,21894
8959,8959,Patrick,Bryant,M,7932 Brooks Club,14727
8960,8960,Cindy,Callahan,F,1253 Eaton Inlet,83501
8961,8961,Andrew,Davis,M,7269 Fernandez Keys,31559
8962,8962,Kendra,Lee,F,0840 Mitchell Ranch Suite 330,39000
8963,8963,Nicholas,Garcia,M,477 Bright Corners,71224
8964,8964,Shelley,Martin,F,835 Bradshaw Turnpike,39511
8965,8965,Kevin,Williams,M,034 Billy Court,64781
8966,8966,Sara,Hill,F,532 Oconnor Plaza Suite 385,19941
8967,8967,Scott,Evans,M,5725 Carrie Dale Apt. 189,53245
8968,8968,Caitlin,Reilly,F,8546 Flores Crest Apt. 908,35584
8969,8969,Michael,Martinez,M,09387 Torres Fields Suite 708,51150
8970,8970,Autumn,Tate,F,85836 Deleon Prairie,03423
8971,8971,Alexander,Howard,M,789 Cooper Ford Apt. 615,44839
8972,8972,Mary,Travis,F,206 Debbie Green,49926
8973,8973,Kenneth,Smith,M,048 Sosa Park,39081
8974,8974,Karen,Mosley,F,8070 Parsons Squares Apt. 012,39051
8975,8975,David,Perez,M,581 Hansen Falls Suite 015,57762
8976,8976,Joann,Holloway,F,318 Burch Walk Suite 153,24713
8977,8977,Travis,Hamilton,M,9117 Walters Heights,31818
8978,8978,Christine,Adams,F,825 Warner River Apt. 765,50307
8979,8979,William,Thompson,M,716 Robinson Estate Suite 099,41283
8980,8980,Jacqueline,Stewart,F,707 Kim Turnpike Apt. 211,71796
8981,8981,Vincent,Reyes,M,188 Megan Isle Apt. 968,11565
8982,8982,Katie,Phillips,F,27699 John Ports Apt. 625,18260
8983,8983,Corey,Davis,M,2513 Ryan Avenue Suite 640,38226
8984,8984,Alexandra,Price,F,5771 Jason Club,68118
8985,8985,James,James,M,61241 Chen Fall,46615
8986,8986,Donna,Moore,F,3651 Michelle Views,01149
8987,8987,Daniel,Gaines,M,0464 Smith Highway,21477
8988,8988,Danielle,Evans,F,057 Elizabeth Knoll,84621
8989,8989,Phillip,Charles,M,83094 Martinez Fork Suite 876,06033
8990,8990,Denise,Daniels,F,30953 Steven Ways Apt. 373,35112
8991,8991,Gregory,Beck,M,47327 Bell Forge Suite 739,19972
8992,8992,Nicole,Mitchell,F,3229 Jason Plaza Suite 951,36458
8993,8993,George,Russell,M,7719 Farley Alley Suite 947,71815
8994,8994,Gabriella,Matthews,F,73655 Nelson Pike Suite 296,19905
8995,8995,Gregory,Vance,M,66788 Robert Bridge Apt. 466,40627
8996,8996,Jessica,Haynes,F,3040 Gonzalez Island Suite 197,51320
8997,8997,Lee,Cox,M,23190 Taylor Lane Suite 847,25763
8998,8998,Sarah,Bass,F,744 Howell Key,04537
8999,8999,Melvin,Buchanan,M,03084 James Inlet,04182
